Red,2012-10-22,22,2012-10-22,Taylor Alison,Swift,Taylor Swift
Tomahawk Technique,2012-01-30,Body,2012-01-30,Sean Paul Ryan Francis,Henriques,Sean Paul
Tomahawk Technique,2012-01-30,Dream Girl,2012-01-30,Sean Paul Ryan Francis,Henriques,Sean Paul
Tomahawk Technique,2012-01-30,Got 2 Luv U,2012-01-30,Sean Paul Ryan Francis,Henriques,Sean Paul
Tomahawk Technique,2012-01-30,Hold On,2012-01-30,Sean Paul Ryan Francis,Henriques,Sean Paul
Tomahawk Technique,2012-01-30,How Deep Is Your Love,2012-01-30,Sean Paul Ryan Francis,Henriques,Sean Paul
Tomahawk Technique,2012-01-30,Put It on You,2012-01-30,Sean Paul Ryan Francis,Henriques,Sean Paul
Tomahawk Technique,2012-01-30,Roll Wid di Don,2012-01-30,Sean Paul Ryan Francis,Henriques,Sean Paul
Tomahawk Technique,2012-01-30,She Doesn't Mind,2012-01-30,Sean Paul Ryan Francis,Henriques,Sean Paul
Tomahawk Technique,2012-01-30,Touch the Sky,2012-01-30,Sean Paul Ryan Francis,Henriques,Sean Paul
Tomahawk Technique,2012-01-30,Wedding Crashers,2012-01-30,Sean Paul Ryan Francis,Henriques,Sean Paul
Tomahawk Technique,2012-01-30,What I Want,2012-01-30,Sean Paul Ryan Francis,Henriques,Sean Paul
Tomahawk Technique,2012-01-30,Won't Stop (Turn Me Out),2012-01-30,Sean Paul Ryan Francis,Henriques,Sean Paul
The Union,2010-10-19,A Dream Come True,2010-10-19,Reginald Kenneth,Dwight,Elton John
The Union,2010-10-19,Eight Hundred Dollar Shoes,2010-10-19,Reginald Kenneth,Dwight,Elton John
The Union,2010-10-19,Gone to Shiloh,2010-10-19,Reginald Kenneth,Dwight,Elton John
The Union,2010-10-19,Hearts Have Turned to Stone,2010-10-19,Reginald Kenneth,Dwight,Elton John
The Union,2010-10-19,Hey Ahab,2010-10-19,Reginald Kenneth,Dwight,Elton John
The Union,2010-10-19,I Should Have Sent Roses,2010-10-19,Reginald Kenneth,Dwight,Elton John
The Union,2010-10-19,If It Wasn't for Bad,2010-10-19,Reginald Kenneth,Dwight,Elton John
The Union,2010-10-19,In the Hands of Angels,2010-10-19,Reginald Kenneth,Dwight,Elton John
The Union,2010-10-19,Jimmie Rodgers' Dream,2010-10-19,Reginald Kenneth,Dwight,Elton John
The Union,2010-10-19,Monkey Suit,2010-10-19,Reginald Kenneth,Dwight,Elton John
The Union,2010-10-19,Never Too Old (To Hold Somebody),2010-10-19,Reginald Kenneth,Dwight,Elton John
The Union,2010-10-19,The Best Part of the Day,2010-10-19,Reginald Kenneth,Dwight,Elton John
The Union,2010-10-19,There's No Tomorrow,2010-10-19,Reginald Kenneth,Dwight,Elton John
The Union,2010-10-19,When Love Is Dying,2010-10-19,Reginald Kenneth,Dwight,Elton John
The Story of Light,2012-08-14,Book of the Seven Seals,2012-08-14,Steven Siro,Vai,Steve Vai
The Story of Light,2012-08-14,Creamsicle Sunset,2012-08-14,Steven Siro,Vai,Steve Vai
The Story of Light,2012-08-14,Gravity Storm,2012-08-14,Steven Siro,Vai,Steve Vai
The Story of Light,2012-08-14,John the Revelator,2012-08-14,Steven Siro,Vai,Steve Vai
The Story of Light,2012-08-14,Mullach a' tSo,2012-08-14,Steven Siro,Vai,Steve Vai
The Story of Light,2012-08-14,No More Amsterdam,2012-08-14,Steven Siro,Vai,Steve Vai
The Story of Light,2012-08-14,Racing the World,2012-08-14,Steven Siro,Vai,Steve Vai
The Story of Light,2012-08-14,Sunshine Electric Raindrops,2012-08-14,Steven Siro,Vai,Steve Vai
The Story of Light,2012-08-14,The Moon and I,2012-08-14,Steven Siro,Vai,Steve Vai
The Story of Light,2012-08-14,The Story of Light,2012-08-14,Steven Siro,Vai,Steve Vai
The Story of Light,2012-08-14,Velorum,2012-08-14,Steven Siro,Vai,Steve Vai
The Story of Light,2012-08-14,Weeping China Doll,2012-08-14,Steven Siro,Vai,Steve Vai
The Fame Monster,2009-11-23,Alejandro,2009-11-23,Stefani Joanne,Angelina Germanotta,Lady Gaga
The Fame Monster,2009-11-23,Bad Romance,2009-11-23,Stefani Joanne,Angelina Germanotta,Lady Gaga
The Fame Monster,2009-11-23,Dance in the Dark,2009-11-23,Stefani Joanne,Angelina Germanotta,Lady Gaga
The Fame Monster,2009-11-23,Monster,2009-11-23,Stefani Joanne,Angelina Germanotta,Lady Gaga
The Fame Monster,2009-11-23,So Happy I Could Die,2009-11-23,Stefani Joanne,Angelina Germanotta,Lady Gaga
The Fame Monster,2009-11-23,Speechless,2009-11-23,Stefani Joanne,Angelina Germanotta,Lady Gaga
The Fame Monster,2009-11-23,Teeth,2009-11-23,Stefani Joanne,Angelina Germanotta,Lady Gaga
The Fame Monster,2009-11-23,Telephone,2009-11-23,Stefani Joanne,Angelina Germanotta,Lady Gaga
The Fame,2008-10-28,Again Again,2008-10-28,Stefani Joanne,Angelina Germanotta,Lady Gaga
The Fame,2008-10-28,"Beautiful, Dirty, Rich",2008-10-28,Stefani Joanne,Angelina Germanotta,Lady Gaga
The Fame,2008-10-28,Boys Boys Boys,2008-10-28,Stefani Joanne,Angelina Germanotta,Lady Gaga
The Fame,2008-10-28,Brown Eyes,2008-10-28,Stefani Joanne,Angelina Germanotta,Lady Gaga
The Fame,2008-10-28,"Eh, Eh (Nothing Else I Can Say)",2008-10-28,Stefani Joanne,Angelina Germanotta,Lady Gaga
The Fame,2008-10-28,I Like It Rough,2008-10-28,Stefani Joanne,Angelina Germanotta,Lady Gaga
The Fame,2008-10-28,Just Dance,2008-10-28,Stefani Joanne,Angelina Germanotta,Lady Gaga
The Fame,2008-10-28,LoveGame,2008-10-28,Stefani Joanne,Angelina Germanotta,Lady Gaga
The Fame,2008-10-28,Money Honey,2008-10-28,Stefani Joanne,Angelina Germanotta,Lady Gaga
The Fame,2008-10-28,Paparazzi,2008-10-28,Stefani Joanne,Angelina Germanotta,Lady Gaga
The Fame,2008-10-28,Poker Face,2008-10-28,Stefani Joanne,Angelina Germanotta,Lady Gaga
The Fame,2008-10-28,Summerboy,2008-10-28,Stefani Joanne,Angelina Germanotta,Lady Gaga
The Fame,2008-10-28,The Fame,2008-10-28,Stefani Joanne,Angelina Germanotta,Lady Gaga
The 20/20 Experience - 2 of 2,2013-09-30,Amnesia,2013-09-30,Justin Randal,Timberlake,Justin Timberlake
The 20/20 Experience - 2 of 2,2013-09-30,Cabaret,2013-09-30,Justin Randal,Timberlake,Justin Timberlake
The 20/20 Experience - 2 of 2,2013-09-30,Drink You Away,2013-09-30,Justin Randal,Timberlake,Justin Timberlake
The 20/20 Experience - 2 of 2,2013-09-30,Gimme What I Don't Know (I Want),2013-09-30,Justin Randal,Timberlake,Justin Timberlake
The 20/20 Experience - 2 of 2,2013-09-30,Murder,2013-09-30,Justin Randal,Timberlake,Justin Timberlake
The 20/20 Experience - 2 of 2,2013-09-30,Not a Bad Thing/Pair of Wings [Hidden Track],2013-09-30,Justin Randal,Timberlake,Justin Timberlake
The 20/20 Experience - 2 of 2,2013-09-30,Only When I Walk Away,2013-09-30,Justin Randal,Timberlake,Justin Timberlake
The 20/20 Experience - 2 of 2,2013-09-30,Take Back the Night,2013-09-30,Justin Randal,Timberlake,Justin Timberlake
The 20/20 Experience - 2 of 2,2013-09-30,TKO,2013-09-30,Justin Randal,Timberlake,Justin Timberlake
The 20/20 Experience - 2 of 2,2013-09-30,True Blood,2013-09-30,Justin Randal,Timberlake,Justin Timberlake
The 20/20 Experience - 2 of 2,2013-09-30,You Got It On,2013-09-30,Justin Randal,Timberlake,Justin Timberlake
Speak Now,2010-10-25,Back to December,2010-10-25,Taylor Alison,Swift,Taylor Swift
Speak Now,2010-10-25,Better Than Revenge,2010-10-25,Taylor Alison,Swift,Taylor Swift
Speak Now,2010-10-25,Dear John,2010-10-25,Taylor Alison,Swift,Taylor Swift
Speak Now,2010-10-25,Enchanted,2010-10-25,Taylor Alison,Swift,Taylor Swift
Speak Now,2010-10-25,Haunted,2010-10-25,Taylor Alison,Swift,Taylor Swift
Speak Now,2010-10-25,Innocent,2010-10-25,Taylor Alison,Swift,Taylor Swift
Speak Now,2010-10-25,Last Kiss,2010-10-25,Taylor Alison,Swift,Taylor Swift
Speak Now,2010-10-25,Long Live,2010-10-25,Taylor Alison,Swift,Taylor Swift
Speak Now,2010-10-25,Mean,2010-10-25,Taylor Alison,Swift,Taylor Swift
Speak Now,2010-10-25,Mine,2010-10-25,Taylor Alison,Swift,Taylor Swift
Speak Now,2010-10-25,Never Grow Up,2010-10-25,Taylor Alison,Swift,Taylor Swift
Speak Now,2010-10-25,Sparks Fly,2010-10-25,Taylor Alison,Swift,Taylor Swift
Speak Now,2010-10-25,Speak Now,2010-10-25,Taylor Alison,Swift,Taylor Swift
Speak Now,2010-10-25,The  Story of Us,2010-10-25,Taylor Alison,Swift,Taylor Swift
She Wolf,2009-11-23,Asos Luz,2009-11-23,Shakira Isabel,Mebarak Ripoll,Shakira
She Wolf,2009-11-23,Did It Again,2009-11-23,Shakira Isabel,Mebarak Ripoll,Shakira
She Wolf,2009-11-23,Good Stuff,2009-11-23,Shakira Isabel,Mebarak Ripoll,Shakira
She Wolf,2009-11-23,Gypsy,2009-11-23,Shakira Isabel,Mebarak Ripoll,Shakira
She Wolf,2009-11-23,Lo Hecho Estoç Hecho,2009-11-23,Shakira Isabel,Mebarak Ripoll,Shakira
She Wolf,2009-11-23,Loba,2009-11-23,Shakira Isabel,Mebarak Ripoll,Shakira
She Wolf,2009-11-23,Long Time,2009-11-23,Shakira Isabel,Mebarak Ripoll,Shakira
She Wolf,2009-11-23,Men in This Town,2009-11-23,Shakira Isabel,Mebarak Ripoll,Shakira
She Wolf,2009-11-23,Mon Amour,2009-11-23,Shakira Isabel,Mebarak Ripoll,Shakira
She Wolf,2009-11-23,She Wolf,2009-11-23,Shakira Isabel,Mebarak Ripoll,Shakira
She Wolf,2009-11-23,Spy,2009-11-23,Shakira Isabel,Mebarak Ripoll,Shakira
She Wolf,2009-11-23,Why Wait,2009-11-23,Shakira Isabel,Mebarak Ripoll,Shakira
Red,2012-10-22,All Too Well,2012-10-22,Taylor Alison,Swift,Taylor Swift
Red,2012-10-22,Begin Again,2012-10-22,Taylor Alison,Swift,Taylor Swift
Red,2012-10-22,Everything Has Changed,2012-10-22,Taylor Alison,Swift,Taylor Swift
Red,2012-10-22,Holy Ground,2012-10-22,Taylor Alison,Swift,Taylor Swift
Red,2012-10-22,I Almost Do,2012-10-22,Taylor Alison,Swift,Taylor Swift
Red,2012-10-22,I Knew You Were Trouble,2012-10-22,Taylor Alison,Swift,Taylor Swift
Red,2012-10-22,Red,2012-10-22,Taylor Alison,Swift,Taylor Swift
Red,2012-10-22,Sad Beautiful Tragic,2012-10-22,Taylor Alison,Swift,Taylor Swift
Red,2012-10-22,Starlight,2012-10-22,Taylor Alison,Swift,Taylor Swift
Red,2012-10-22,State of Grace,2012-10-22,Taylor Alison,Swift,Taylor Swift
Red,2012-10-22,Stay Stay Stay,2012-10-22,Taylor Alison,Swift,Taylor Swift
Red,2012-10-22,The  Last Time,2012-10-22,Taylor Alison,Swift,Taylor Swift
Red,2012-10-22,The  Lucky One,2012-10-22,Taylor Alison,Swift,Taylor Swift
Red,2012-10-22,Treacherous,2012-10-22,Taylor Alison,Swift,Taylor Swift
Red,2012-10-22,We Are Never Ever Getting Back Together,2012-10-22,Taylor Alison,Swift,Taylor Swift
Planet Pit,2011-06-21,Castle Made of Sand,2011-06-21,Armando Christian,P_rez,Pitbull
Planet Pit,2011-06-21,Come N Go,2011-06-21,Armando Christian,P_rez,Pitbull
Planet Pit,2011-06-21,Give Me Everything,2011-06-21,Armando Christian,P_rez,Pitbull
Planet Pit,2011-06-21,Hey Baby (Drop It to the Floor),2011-06-21,Armando Christian,P_rez,Pitbull
Planet Pit,2011-06-21,International Love,2011-06-21,Armando Christian,P_rez,Pitbull
Planet Pit,2011-06-21,Mr. Worldwide (Intro),2011-06-21,Armando Christian,P_rez,Pitbull
Planet Pit,2011-06-21,Pause,2011-06-21,Armando Christian,P_rez,Pitbull
Planet Pit,2011-06-21,Rain Over Me,2011-06-21,Armando Christian,P_rez,Pitbull
Planet Pit,2011-06-21,Shake Seotora,2011-06-21,Armando Christian,P_rez,Pitbull
Planet Pit,2011-06-21,Something for the DJs,2011-06-21,Armando Christian,P_rez,Pitbull
Planet Pit,2011-06-21,Took My Love,2011-06-21,Armando Christian,P_rez,Pitbull
Planet Pit,2011-06-21,Where Do We Go,2011-06-21,Armando Christian,P_rez,Pitbull
Passion and Warfare,2009-11-24,Alien Water Kiss,2009-11-24,Steven Siro,Vai,Steve Vai
Passion and Warfare,2009-11-24,Answers,2009-11-24,Steven Siro,Vai,Steve Vai
Passion and Warfare,2009-11-24,Ballerina 12/24,2009-11-24,Steven Siro,Vai,Steve Vai
Passion and Warfare,2009-11-24,Blue Powder,2009-11-24,Steven Siro,Vai,Steve Vai
Passion and Warfare,2009-11-24,Erotic Nightmares,2009-11-24,Steven Siro,Vai,Steve Vai
Passion and Warfare,2009-11-24,For the Love of God,2009-11-24,Steven Siro,Vai,Steve Vai
Passion and Warfare,2009-11-24,Greasy Kid's Stuff,2009-11-24,Steven Siro,Vai,Steve Vai
Passion and Warfare,2009-11-24,I Would Love To,2009-11-24,Steven Siro,Vai,Steve Vai
Passion and Warfare,2009-11-24,Liberty,2009-11-24,Steven Siro,Vai,Steve Vai
Passion and Warfare,2009-11-24,Love Secrets,2009-11-24,Steven Siro,Vai,Steve Vai
Passion and Warfare,2009-11-24,Sisters,2009-11-24,Steven Siro,Vai,Steve Vai
Passion and Warfare,2009-11-24,The Animal,2009-11-24,Steven Siro,Vai,Steve Vai
Passion and Warfare,2009-11-24,The Audience Is Listening,2009-11-24,Steven Siro,Vai,Steve Vai
Passion and Warfare,2009-11-24,The Riddle,2009-11-24,Steven Siro,Vai,Steve Vai
One Kind Favor,2008-08-26,Backwater Blues,2008-08-26,Riley B.,King,B.B. King
One Kind Favor,2008-08-26,Blues Before Sunrise,2008-08-26,Riley B.,King,B.B. King
One Kind Favor,2008-08-26,Get These Blues off Me,2008-08-26,Riley B.,King,B.B. King
One Kind Favor,2008-08-26,How Many More Years,2008-08-26,Riley B.,King,B.B. King
One Kind Favor,2008-08-26,I Get So Weary,2008-08-26,Riley B.,King,B.B. King
One Kind Favor,2008-08-26,Midnight Blues,2008-08-26,Riley B.,King,B.B. King
One Kind Favor,2008-08-26,My Love Is Down,2008-08-26,Riley B.,King,B.B. King
One Kind Favor,2008-08-26,See That My Grave Is Kept Clean,2008-08-26,Riley B.,King,B.B. King
One Kind Favor,2008-08-26,Sitting on Top of the World,2008-08-26,Riley B.,King,B.B. King
One Kind Favor,2008-08-26,The World Gone Wrong,2008-08-26,Riley B.,King,B.B. King
One Kind Favor,2008-08-26,Tomorrow Night,2008-08-26,Riley B.,King,B.B. King
One Kind Favor,2008-08-26,Waiting for Your Call,2008-08-26,Riley B.,King,B.B. King
Nothin But Love,2012-08-27,(Won't Be) Coming Home,2012-08-27,Robert,Cray,Robert Cray
Nothin But Love,2012-08-27,A Memo,2012-08-27,Robert,Cray,Robert Cray
Nothin But Love,2012-08-27,Blues Get Off My Shoulder,2012-08-27,Robert,Cray,Robert Cray
Nothin But Love,2012-08-27,Fix This,2012-08-27,Robert,Cray,Robert Cray
Nothin But Love,2012-08-27,Great Big Old House,2012-08-27,Robert,Cray,Robert Cray
Nothin But Love,2012-08-27,I'll Always Remember You,2012-08-27,Robert,Cray,Robert Cray
Nothin But Love,2012-08-27,I'm Done Cryin',2012-08-27,Robert,Cray,Robert Cray
Nothin But Love,2012-08-27,Sadder Days,2012-08-27,Robert,Cray,Robert Cray
Nothin But Love,2012-08-27,Side Dish,2012-08-27,Robert,Cray,Robert Cray
Nothin But Love,2012-08-27,Worry,2012-08-27,Robert,Cray,Robert Cray
Nothin But Love,2012-08-27,You Belong to Me,2012-08-27,Robert,Cray,Robert Cray
Not Too Late,2007-01-30,Be My Somebody,2007-01-30,Geetali Norah,Jones Shankar,Norah Jones
Not Too Late,2007-01-30,Broken,2007-01-30,Geetali Norah,Jones Shankar,Norah Jones
Not Too Late,2007-01-30,Little Room,2007-01-30,Geetali Norah,Jones Shankar,Norah Jones
Not Too Late,2007-01-30,My Dear Country,2007-01-30,Geetali Norah,Jones Shankar,Norah Jones
Not Too Late,2007-01-30,Not My Friend,2007-01-30,Geetali Norah,Jones Shankar,Norah Jones
Not Too Late,2007-01-30,Not Too Late,2007-01-30,Geetali Norah,Jones Shankar,Norah Jones
Not Too Late,2007-01-30,Rosie's Lullaby,2007-01-30,Geetali Norah,Jones Shankar,Norah Jones
Not Too Late,2007-01-30,Sinkin' Soon,2007-01-30,Geetali Norah,Jones Shankar,Norah Jones
Not Too Late,2007-01-30,The Sun Doesn't Like You,2007-01-30,Geetali Norah,Jones Shankar,Norah Jones
Not Too Late,2007-01-30,Thinking About You,2007-01-30,Geetali Norah,Jones Shankar,Norah Jones
Not Too Late,2007-01-30,Until the End,2007-01-30,Geetali Norah,Jones Shankar,Norah Jones
Not Too Late,2007-01-30,Wake Me Up,2007-01-30,Geetali Norah,Jones Shankar,Norah Jones
Not Too Late,2007-01-30,Wish I Could,2007-01-30,Geetali Norah,Jones Shankar,Norah Jones
MDNA,2012-03-16,Falling Free,2012-03-16,Madonna Louise VerÑnica,Ciccone,Madonna
MDNA,2012-03-16,Gang Bang,2012-03-16,Madonna Louise VerÑnica,Ciccone,Madonna
MDNA,2012-03-16,Girl Gone Wild,2012-03-16,Madonna Louise VerÑnica,Ciccone,Madonna
MDNA,2012-03-16,Give Me All Your Luvin',2012-03-16,Madonna Louise VerÑnica,Ciccone,Madonna
MDNA,2012-03-16,I Don't Give A,2012-03-16,Madonna Louise VerÑnica,Ciccone,Madonna
MDNA,2012-03-16,I'm a Sinner,2012-03-16,Madonna Louise VerÑnica,Ciccone,Madonna
MDNA,2012-03-16,I'm Addicted,2012-03-16,Madonna Louise VerÑnica,Ciccone,Madonna
MDNA,2012-03-16,Love Spent,2012-03-16,Madonna Louise VerÑnica,Ciccone,Madonna
MDNA,2012-03-16,Masterpiece,2012-03-16,Madonna Louise VerÑnica,Ciccone,Madonna
MDNA,2012-03-16,Some Girls,2012-03-16,Madonna Louise VerÑnica,Ciccone,Madonna
MDNA,2012-03-16,Superstar,2012-03-16,Madonna Louise VerÑnica,Ciccone,Madonna
MDNA,2012-03-16,Turn Up the Radio,2012-03-16,Madonna Louise VerÑnica,Ciccone,Madonna
Makin' Love Is Good for You,2000-04-25,Actions Speak Louder Than Words,2000-04-25,Riley B.,King,B.B. King
Makin' Love Is Good for You,2000-04-25,Ain't Nobody Like My Baby,2000-04-25,Riley B.,King,B.B. King
Makin' Love Is Good for You,2000-04-25,Don't Go No Farther,2000-04-25,Riley B.,King,B.B. King
Makin' Love Is Good for You,2000-04-25,I Got to Leave This Woman,2000-04-25,Riley B.,King,B.B. King
Makin' Love Is Good for You,2000-04-25,I Know,2000-04-25,Riley B.,King,B.B. King
Makin' Love Is Good for You,2000-04-25,I'm in the Wrong Business,2000-04-25,Riley B.,King,B.B. King
Makin' Love Is Good for You,2000-04-25,Makin' Love Is Good for You,2000-04-25,Riley B.,King,B.B. King
Makin' Love Is Good for You,2000-04-25,Monday Woman,2000-04-25,Riley B.,King,B.B. King
Makin' Love Is Good for You,2000-04-25,Peace of Mind,2000-04-25,Riley B.,King,B.B. King
Makin' Love Is Good for You,2000-04-25,She's My Baby,2000-04-25,Riley B.,King,B.B. King
Makin' Love Is Good for You,2000-04-25,Since I Fell for You,2000-04-25,Riley B.,King,B.B. King
Makin' Love Is Good for You,2000-04-25,Too Good to You Baby,2000-04-25,Riley B.,King,B.B. King
Makin' Love Is Good for You,2000-04-25,What You Bet,2000-04-25,Riley B.,King,B.B. King
Makin' Love Is Good for You,2000-04-25,You're on Top,2000-04-25,Riley B.,King,B.B. King
Lotus,2012-11-12,Army of Me,2012-11-12,Christina Maria,Aguilera,Christina Aguilera
Lotus,2012-11-12,Around the World,2012-11-12,Christina Maria,Aguilera,Christina Aguilera
Lotus,2012-11-12,Best of Me,2012-11-12,Christina Maria,Aguilera,Christina Aguilera
Lotus,2012-11-12,Blank Page,2012-11-12,Christina Maria,Aguilera,Christina Aguilera
Lotus,2012-11-12,Cease Fire,2012-11-12,Christina Maria,Aguilera,Christina Aguilera
Lotus,2012-11-12,Circles,2012-11-12,Christina Maria,Aguilera,Christina Aguilera
Lotus,2012-11-12,Just a Fool,2012-11-12,Christina Maria,Aguilera,Christina Aguilera
Lotus,2012-11-12,Let There Be Love,2012-11-12,Christina Maria,Aguilera,Christina Aguilera
Lotus,2012-11-12,Lotus Intro,2012-11-12,Christina Maria,Aguilera,Christina Aguilera
Lotus,2012-11-12,Make the World Move,2012-11-12,Christina Maria,Aguilera,Christina Aguilera
Lotus,2012-11-12,Red Hot Kinda Love,2012-11-12,Christina Maria,Aguilera,Christina Aguilera
Lotus,2012-11-12,Sing for Me,2012-11-12,Christina Maria,Aguilera,Christina Aguilera
Lotus,2012-11-12,Your Body,2012-11-12,Christina Maria,Aguilera,Christina Aguilera
Live from the Montreal International Jazz Festival,2010-03-09,Another Lonely Day,2010-03-09,Ben,Harper,Ben Harper and Relentless29
Live from the Montreal International Jazz Festival,2010-03-09,Boots Like These,2010-03-09,Ben,Harper,Ben Harper and Relentless33
Live from the Montreal International Jazz Festival,2010-03-09,Faithfully Remain,2010-03-09,Ben,Harper,Ben Harper and Relentless36
Live from the Montreal International Jazz Festival,2010-03-09,Faster Slower Disappear Come Around,2010-03-09,Ben,Harper,Ben Harper and Relentless23
Live from the Montreal International Jazz Festival,2010-03-09,Fly One Time,2010-03-09,Ben,Harper,Ben Harper and Relentless31
Live from the Montreal International Jazz Festival,2010-03-09,Keep It Together (So I Can Fall Apart),2010-03-09,Ben,Harper,Ben Harper and Relentless32
Live from the Montreal International Jazz Festival,2010-03-09,Lay There & Hate Me,2010-03-09,Ben,Harper,Ben Harper and Relentless26
Live from the Montreal International Jazz Festival,2010-03-09,Number with No Name,2010-03-09,Ben,Harper,Ben Harper and Relentless24
Live from the Montreal International Jazz Festival,2010-03-09,Red House,2010-03-09,Ben,Harper,Ben Harper and Relentless28
Live from the Montreal International Jazz Festival,2010-03-09,Serve Your Soul,2010-03-09,Ben,Harper,Ben Harper and Relentless37
Live from the Montreal International Jazz Festival,2010-03-09,Shimmer & Shine,2010-03-09,Ben,Harper,Ben Harper and Relentless25
Live from the Montreal International Jazz Festival,2010-03-09,Skin Thin,2010-03-09,Ben,Harper,Ben Harper and Relentless30
Live from the Montreal International Jazz Festival,2010-03-09,Under Pressure,2010-03-09,Ben,Harper,Ben Harper and Relentless34
Live from the Montreal International Jazz Festival,2010-03-09,Up to You Now,2010-03-09,Ben,Harper,Ben Harper and Relentless35
Live from the Montreal International Jazz Festival,2010-03-09,Why Must You Always Dress in Black,2010-03-09,Ben,Harper,Ben Harper and Relentless27
Live at the Royal Albert Hall 2011,2012-03-20,All Over Again,2012-03-20,Riley B.,King,B.B. King
Live at the Royal Albert Hall 2011,2012-03-20,B.B. Jams with Guests,2012-03-20,Riley B.,King,B.B. King
Live at the Royal Albert Hall 2011,2012-03-20,Guess Who,2012-03-20,Riley B.,King,B.B. King
Live at the Royal Albert Hall 2011,2012-03-20,I Need You So,2012-03-20,Riley B.,King,B.B. King
Live at the Royal Albert Hall 2011,2012-03-20,Key to the Highway,2012-03-20,Riley B.,King,B.B. King
Live at the Royal Albert Hall 2011,2012-03-20,Rock Me Baby,2012-03-20,Riley B.,King,B.B. King
Live at the Royal Albert Hall 2011,2012-03-20,See That My Grave Is Kept Clean,2012-03-20,Riley B.,King,B.B. King
Live at the Royal Albert Hall 2011,2012-03-20,The Thrill Is Gone,2012-03-20,Riley B.,King,B.B. King
Live at the Royal Albert Hall 2011,2012-03-20,When the Saints Go Marching In,2012-03-20,Riley B.,King,B.B. King
Live at the Royal Albert Hall 2011,2012-03-20,You Are My Sunshine,2012-03-20,Riley B.,King,B.B. King
Live at the Regal,2009-11-24,Every Day I Have the Blues,2009-11-24,Riley B.,King,B.B. King
Live at the Regal,2009-11-24,Help the Poor,2009-11-24,Riley B.,King,B.B. King
Live at the Regal,2009-11-24,How Blue Can You Get?,2009-11-24,Riley B.,King,B.B. King
Live at the Regal,2009-11-24,It's My Own Fault,2009-11-24,Riley B.,King,B.B. King
Live at the Regal,2009-11-24,Please Love Me,2009-11-24,Riley B.,King,B.B. King
Live at the Regal,2009-11-24,Sweet Little Angel,2009-11-24,Riley B.,King,B.B. King
Live at the Regal,2009-11-24,Woke Up This Morning (My Baby's Gone),2009-11-24,Riley B.,King,B.B. King
Live at the Regal,2009-11-24,"Worry, Worry",2009-11-24,Riley B.,King,B.B. King
Live at the Regal,2009-11-24,You Done Lost Your Good Thing Now,2009-11-24,Riley B.,King,B.B. King
Live at the Regal,2009-11-24,You Upset Me Baby,2009-11-24,Riley B.,King,B.B. King
Live,2008-02-19,All Over Again,2008-02-19,Riley B.,King,B.B. King
Live,2008-02-19,Bad Case of Love,2008-02-19,Riley B.,King,B.B. King
Live,2008-02-19,Blues Man,2008-02-19,Riley B.,King,B.B. King
Live,2008-02-19,I Need You So,2008-02-19,Riley B.,King,B.B. King
Live,2008-02-19,Key to the Highway,2008-02-19,Riley B.,King,B.B. King
Live,2008-02-19,Mr. King Comes on Stage,2008-02-19,Riley B.,King,B.B. King
Live,2008-02-19,Rock Me Baby,2008-02-19,Riley B.,King,B.B. King
Live,2008-02-19,The Thrill Is Gone,2008-02-19,Riley B.,King,B.B. King
Live,2008-02-19,When Love Comes to Town,2008-02-19,Riley B.,King,B.B. King
Live,2008-02-19,When the Saints Go Marching In,2008-02-19,Riley B.,King,B.B. King
Live,2008-02-19,Why I Sing the Blues,2008-02-19,Riley B.,King,B.B. King
Live,2008-02-19,You Are My Sunshine,2008-02-19,Riley B.,King,B.B. King
Like a Virgin,1984-11-12,Angel,1984-11-12,Madonna Louise VerÑnica,Ciccone,Madonna
Like a Virgin,1984-11-12,Dress You Up,1984-11-12,Madonna Louise VerÑnica,Ciccone,Madonna
Like a Virgin,1984-11-12,Into the Groove,1984-11-12,Madonna Louise VerÑnica,Ciccone,Madonna
Like a Virgin,1984-11-12,Like a Virgin,1984-11-12,Madonna Louise VerÑnica,Ciccone,Madonna
Like a Virgin,1984-11-12,Love Don't Live Here Anymore,1984-11-12,Madonna Louise VerÑnica,Ciccone,Madonna
Like a Virgin,1984-11-12,Material Girl,1984-11-12,Madonna Louise VerÑnica,Ciccone,Madonna
Like a Virgin,1984-11-12,Over and Over,1984-11-12,Madonna Louise VerÑnica,Ciccone,Madonna
Like a Virgin,1984-11-12,Pretender,1984-11-12,Madonna Louise VerÑnica,Ciccone,Madonna
Like a Virgin,1984-11-12,Shoo-Bee-Doo,1984-11-12,Madonna Louise VerÑnica,Ciccone,Madonna
Like a Virgin,1984-11-12,Stay,1984-11-12,Madonna Louise VerÑnica,Ciccone,Madonna
Like a Prayer,2009-11-24,Act of Contrition,2009-11-24,Madonna Louise VerÑnica,Ciccone,Madonna
Like a Prayer,2009-11-24,Cherish,2009-11-24,Madonna Louise VerÑnica,Ciccone,Madonna
Like a Prayer,2009-11-24,Dear Jessie,2009-11-24,Madonna Louise VerÑnica,Ciccone,Madonna
Like a Prayer,2009-11-24,Express Yourself,2009-11-24,Madonna Louise VerÑnica,Ciccone,Madonna
Like a Prayer,2009-11-24,Keep It Together,2009-11-24,Madonna Louise VerÑnica,Ciccone,Madonna
Like a Prayer,2009-11-24,Like a Prayer,2009-11-24,Madonna Louise VerÑnica,Ciccone,Madonna
Like a Prayer,2009-11-24,Love Song,2009-11-24,Madonna Louise VerÑnica,Ciccone,Madonna
Like a Prayer,2009-11-24,Oh Father,2009-11-24,Madonna Louise VerÑnica,Ciccone,Madonna
Like a Prayer,2009-11-24,Promise to Try,2009-11-24,Madonna Louise VerÑnica,Ciccone,Madonna
Like a Prayer,2009-11-24,Spanish Eyes,2009-11-24,Madonna Louise VerÑnica,Ciccone,Madonna
Like a Prayer,2009-11-24,Till Death Do Us Part,2009-11-24,Madonna Louise VerÑnica,Ciccone,Madonna
Keeps Gettin' Better,2008-11-03,Keeps Gettin' Better,2008-11-03,Christina Maria,Aguilera,Christina Aguilera
Global Warming,2012-11-19,Back in Time [From Men in Black 3],2012-11-19,Armando Christian,P_rez,Pitbull
Global Warming,2012-11-19,Don't Stop the Party,2012-11-19,Armando Christian,P_rez,Pitbull
Global Warming,2012-11-19,Drinks for You (Ladies Anthem),2012-11-19,Armando Christian,P_rez,Pitbull
Global Warming,2012-11-19,Feel This Moment,2012-11-19,Armando Christian,P_rez,Pitbull
Global Warming,2012-11-19,Global Warming,2012-11-19,Armando Christian,P_rez,Pitbull
Global Warming,2012-11-19,Have Some Fun,2012-11-19,Armando Christian,P_rez,Pitbull
Global Warming,2012-11-19,Hope We Meet Again,2012-11-19,Armando Christian,P_rez,Pitbull
Global Warming,2012-11-19,I'm Off That,2012-11-19,Armando Christian,P_rez,Pitbull
Global Warming,2012-11-19,Last Night,2012-11-19,Armando Christian,P_rez,Pitbull
Global Warming,2012-11-19,Outta Nowhere,2012-11-19,Armando Christian,P_rez,Pitbull
Global Warming,2012-11-19,Party Ain't Over,2012-11-19,Armando Christian,P_rez,Pitbull
Global Warming,2012-11-19,Tchu Tchu Tcha,2012-11-19,Armando Christian,P_rez,Pitbull
Get Up!,2013-01-29,All That Matters Now,2013-01-29,Ben,Harper,Ben Harper
Get Up!,2013-01-29,Blood Side Out,2013-01-29,Ben,Harper,Ben Harper
Get Up!,2013-01-29,Don't Look Twice,2013-01-29,Ben,Harper,Ben Harper
Get Up!,2013-01-29,Get Up!,2013-01-29,Ben,Harper,Ben Harper
Get Up!,2013-01-29,I Don't Believe a Word You Say,2013-01-29,Ben,Harper,Ben Harper
Get Up!,2013-01-29,I Ride at Dawn,2013-01-29,Ben,Harper,Ben Harper
Get Up!,2013-01-29,"I'm In, I'm Out, I'm Gone",2013-01-29,Ben,Harper,Ben Harper
Get Up!,2013-01-29,She Got Kick,2013-01-29,Ben,Harper,Ben Harper
Get Up!,2013-01-29,We Can't End This Way,2013-01-29,Ben,Harper,Ben Harper
Get Up!,2013-01-29,You Found Another Lover (I Lost Another Friend),2013-01-29,Ben,Harper,Ben Harper
FutureSex/LoveSounds,2006-09-12,(Another Song) All Over Again,2006-09-12,Justin Randal,Timberlake,Justin Timberlake
FutureSex/LoveSounds,2006-09-12,Chop Me Up,2006-09-12,Justin Randal,Timberlake,Justin Timberlake
FutureSex/LoveSounds,2006-09-12,Damn Girl,2006-09-12,Justin Randal,Timberlake,Justin Timberlake
FutureSex/LoveSounds,2006-09-12,FutureSex/LoveSound,2006-09-12,Justin Randal,Timberlake,Justin Timberlake
FutureSex/LoveSounds,2006-09-12,Losing My Way,2006-09-12,Justin Randal,Timberlake,Justin Timberlake
FutureSex/LoveSounds,2006-09-12,Lovestoned,2006-09-12,Justin Randal,Timberlake,Justin Timberlake
FutureSex/LoveSounds,2006-09-12,My Love,2006-09-12,Justin Randal,Timberlake,Justin Timberlake
FutureSex/LoveSounds,2006-09-12,Sexy Ladies,2006-09-12,Justin Randal,Timberlake,Justin Timberlake
FutureSex/LoveSounds,2006-09-12,SexyBack,2006-09-12,Justin Randal,Timberlake,Justin Timberlake
FutureSex/LoveSounds,2006-09-12,Summer Love,2006-09-12,Justin Randal,Timberlake,Justin Timberlake
FutureSex/LoveSounds,2006-09-12,Until the End of Time,2006-09-12,Justin Randal,Timberlake,Justin Timberlake
FutureSex/LoveSounds,2006-09-12,What Goes Around... Comes Around,2006-09-12,Justin Randal,Timberlake,Justin Timberlake
Full Frequency,2014-02-17,Anyday,2014-02-17,Sean Paul Ryan Francis,Henriques,Sean Paul
Full Frequency,2014-02-17,Dangerous Ground,2014-02-17,Sean Paul Ryan Francis,Henriques,Sean Paul
Full Frequency,2014-02-17,Entertainment 2.0,2014-02-17,Sean Paul Ryan Francis,Henriques,Sean Paul
Full Frequency,2014-02-17,Hey Baby,2014-02-17,Sean Paul Ryan Francis,Henriques,Sean Paul
Full Frequency,2014-02-17,It's Your Life,2014-02-17,Sean Paul Ryan Francis,Henriques,Sean Paul
Full Frequency,2014-02-17,Legacy,2014-02-17,Sean Paul Ryan Francis,Henriques,Sean Paul
Full Frequency,2014-02-17,Lights On,2014-02-17,Sean Paul Ryan Francis,Henriques,Sean Paul
Full Frequency,2014-02-17,Other Side of Love,2014-02-17,Sean Paul Ryan Francis,Henriques,Sean Paul
Full Frequency,2014-02-17,Pornstar,2014-02-17,Sean Paul Ryan Francis,Henriques,Sean Paul
Full Frequency,2014-02-17,Riot,2014-02-17,Sean Paul Ryan Francis,Henriques,Sean Paul
Full Frequency,2014-02-17,Take It Low,2014-02-17,Sean Paul Ryan Francis,Henriques,Sean Paul
Full Frequency,2014-02-17,Turn It Up,2014-02-17,Sean Paul Ryan Francis,Henriques,Sean Paul
Full Frequency,2014-02-17,Want Dem All,2014-02-17,Sean Paul Ryan Francis,Henriques,Sean Paul
Full Frequency,2014-02-17,Wickedest Style,2014-02-17,Sean Paul Ryan Francis,Henriques,Sean Paul
Fearless,2008-11-11,Breathe,2008-11-11,Taylor Alison,Swift,Taylor Swift
Fearless,2008-11-11,Change,2008-11-11,Taylor Alison,Swift,Taylor Swift
Fearless,2008-11-11,Fearless,2008-11-11,Taylor Alison,Swift,Taylor Swift
Fearless,2008-11-11,Fifteen,2008-11-11,Taylor Alison,Swift,Taylor Swift
Fearless,2008-11-11,Forever & Always,2008-11-11,Taylor Alison,Swift,Taylor Swift
Fearless,2008-11-11,Hey Stephen,2008-11-11,Taylor Alison,Swift,Taylor Swift
Fearless,2008-11-11,Love Story,2008-11-11,Taylor Alison,Swift,Taylor Swift
Fearless,2008-11-11,Tell Me Why,2008-11-11,Taylor Alison,Swift,Taylor Swift
Fearless,2008-11-11,The Best Day,2008-11-11,Taylor Alison,Swift,Taylor Swift
Fearless,2008-11-11,The Way I Loved You,2008-11-11,Taylor Alison,Swift,Taylor Swift
Fearless,2008-11-11,White Horse,2008-11-11,Taylor Alison,Swift,Taylor Swift
Fearless,2008-11-11,You Belong With Me,2008-11-11,Taylor Alison,Swift,Taylor Swift
Fearless,2008-11-11,You're Not Sorry,2008-11-11,Taylor Alison,Swift,Taylor Swift
Do What U Want,2013-10-22,Do What U Want,2013-10-22,Stefani Joanne,Angelina Germanotta,Lady Gaga
Cookin' in Mobile,2010-06-28,Anytime,2010-06-28,Robert,Cray,Robert Cray
Cookin' in Mobile,2010-06-28,Behind the Scenes,2010-06-28,Robert,Cray,Robert Cray
Cookin' in Mobile,2010-06-28,Chicken in the Kitchen,2010-06-28,Robert,Cray,Robert Cray
Cookin' in Mobile,2010-06-28,I Can't Fail,2010-06-28,Robert,Cray,Robert Cray
Cookin' in Mobile,2010-06-28,Live at the Saenger Theater,2010-06-28,Robert,Cray,Robert Cray
Cookin' in Mobile,2010-06-28,Lotta Lovin',2010-06-28,Robert,Cray,Robert Cray
Cookin' in Mobile,2010-06-28,Lotta Lovin_ me,2010-06-28,Robert,Cray,Robert Cray
Cookin' in Mobile,2010-06-28,Love 2009,2010-06-28,Robert,Cray,Robert Cray
Cookin' in Mobile,2010-06-28,One in the Middle,2010-06-28,Robert,Cray,Robert Cray
Cookin' in Mobile,2010-06-28,Our Last Time,2010-06-28,Robert,Cray,Robert Cray
Cookin' in Mobile,2010-06-28,Photo Gallery,2010-06-28,Robert,Cray,Robert Cray
Cookin' in Mobile,2010-06-28,Right Next Door,2010-06-28,Robert,Cray,Robert Cray
Cookin' in Mobile,2010-06-28,Sitting on Top of the World,2010-06-28,Robert,Cray,Robert Cray
Cookin' in Mobile,2010-06-28,Smoking Gun,2010-06-28,Robert,Cray,Robert Cray
Cookin' in Mobile,2010-06-28,That's What Keeps Me Rockin',2010-06-28,Robert,Cray,Robert Cray
Cookin' in Mobile,2010-06-28,Time Make Two,2010-06-28,Robert,Cray,Robert Cray
Cookin' in Mobile,2010-06-28,Time Makes Two,2010-06-28,Robert,Cray,Robert Cray
Cookin' in Mobile,2010-06-28,Twenty,2010-06-28,Robert,Cray,Robert Cray
Cookin' in Mobile,2010-06-28,Twenty [Video],2010-06-28,Robert,Cray,Robert Cray
Come Away with Me,2002-02-26,"Cold, Cold Heart",2002-02-26,Geetali Norah,Jones Shankar,Norah Jones
Come Away with Me,2002-02-26,Come Away With Me,2002-02-26,Geetali Norah,Jones Shankar,Norah Jones
Come Away with Me,2002-02-26,Don't Know Why,2002-02-26,Geetali Norah,Jones Shankar,Norah Jones
Come Away with Me,2002-02-26,Feelin' the Same Way,2002-02-26,Geetali Norah,Jones Shankar,Norah Jones
Come Away with Me,2002-02-26,I've Got to See You Again,2002-02-26,Geetali Norah,Jones Shankar,Norah Jones
Come Away with Me,2002-02-26,Lonestar,2002-02-26,Geetali Norah,Jones Shankar,Norah Jones
Come Away with Me,2002-02-26,Nightingale,2002-02-26,Geetali Norah,Jones Shankar,Norah Jones
Come Away with Me,2002-02-26,One Flight Down,2002-02-26,Geetali Norah,Jones Shankar,Norah Jones
Come Away with Me,2002-02-26,Painter Song,2002-02-26,Geetali Norah,Jones Shankar,Norah Jones
Come Away with Me,2002-02-26,Seven Years,2002-02-26,Geetali Norah,Jones Shankar,Norah Jones
Come Away with Me,2002-02-26,Shoot the Moon,2002-02-26,Geetali Norah,Jones Shankar,Norah Jones
Come Away with Me,2002-02-26,The Long Day Is Over,2002-02-26,Geetali Norah,Jones Shankar,Norah Jones
Come Away with Me,2002-02-26,The Nearness of You,2002-02-26,Geetali Norah,Jones Shankar,Norah Jones
Come Away with Me,2002-02-26,Turn Me On,2002-02-26,Geetali Norah,Jones Shankar,Norah Jones
Celebration Day,2012-11-19,Black Dog,2012-11-19,led,zeppelin,Led Zeppelin
Celebration Day,2012-11-19,Dazed and Confused,2012-11-19,led,zeppelin,Led Zeppelin
Celebration Day,2012-11-19,For Your Life,2012-11-19,led,zeppelin,Led Zeppelin
Celebration Day,2012-11-19,Good Times Bad Times,2012-11-19,led,zeppelin,Led Zeppelin
Celebration Day,2012-11-19,In My Time of Dying,2012-11-19,led,zeppelin,Led Zeppelin
Celebration Day,2012-11-19,Kashmir,2012-11-19,led,zeppelin,Led Zeppelin
Celebration Day,2012-11-19,Misty Mountain Hop,2012-11-19,led,zeppelin,Led Zeppelin
Celebration Day,2012-11-19,No Quarter,2012-11-19,led,zeppelin,Led Zeppelin
Celebration Day,2012-11-19,Nobody's Fault But Mine,2012-11-19,led,zeppelin,Led Zeppelin
Celebration Day,2012-11-19,Ramble On,2012-11-19,led,zeppelin,Led Zeppelin
Celebration Day,2012-11-19,Rock and Roll,2012-11-19,led,zeppelin,Led Zeppelin
Celebration Day,2012-11-19,Since I've Been Loving You,2012-11-19,led,zeppelin,Led Zeppelin
Celebration Day,2012-11-19,Stairway to Heaven,2012-11-19,led,zeppelin,Led Zeppelin
Celebration Day,2012-11-19,The Song Remains the Same,2012-11-19,led,zeppelin,Led Zeppelin
Celebration Day,2012-11-19,Trampled Under Foot,2012-11-19,led,zeppelin,Led Zeppelin
Celebration Day,2012-11-19,Whole Lotta Love,2012-11-19,led,zeppelin,Led Zeppelin
Born This Way,2011-05-23,Americano,2011-05-23,Stefani Joanne,Angelina Germanotta,Lady Gaga
Born This Way,2011-05-23,Bad Kids,2011-05-23,Stefani Joanne,Angelina Germanotta,Lady Gaga
Born This Way,2011-05-23,Bloody Mary,2011-05-23,Stefani Joanne,Angelina Germanotta,Lady Gaga
Born This Way,2011-05-23,Born This Way,2011-05-23,Stefani Joanne,Angelina Germanotta,Lady Gaga
Born This Way,2011-05-23,Electric Chapel,2011-05-23,Stefani Joanne,Angelina Germanotta,Lady Gaga
Born This Way,2011-05-23,Government Hooker,2011-05-23,Stefani Joanne,Angelina Germanotta,Lady Gaga
Born This Way,2011-05-23,Hair,2011-05-23,Stefani Joanne,Angelina Germanotta,Lady Gaga
Born This Way,2011-05-23,Heavy Metal Lover,2011-05-23,Stefani Joanne,Angelina Germanotta,Lady Gaga
Born This Way,2011-05-23,Highway Unicorn (Road to Love),2011-05-23,Stefani Joanne,Angelina Germanotta,Lady Gaga
Born This Way,2011-05-23,Judas,2011-05-23,Stefani Joanne,Angelina Germanotta,Lady Gaga
Born This Way,2011-05-23,Marry the Night,2011-05-23,Stefani Joanne,Angelina Germanotta,Lady Gaga
Born This Way,2011-05-23,Scheiore,2011-05-23,Stefani Joanne,Angelina Germanotta,Lady Gaga
Born This Way,2011-05-23,The Edge of Glory,2011-05-23,Stefani Joanne,Angelina Germanotta,Lady Gaga
Born This Way,2011-05-23,You and I,2011-05-23,Stefani Joanne,Angelina Germanotta,Lady Gaga
Believe Acoustic,2013-01-29,All Around the World [Acoustic],2013-01-29,Justin Drew,Bieber,Justin Bieber
Believe Acoustic,2013-01-29,As Long as You Love Me [Acoustic],2013-01-29,Justin Drew,Bieber,Justin Bieber
Believe Acoustic,2013-01-29,Be Alright [Acoustic],2013-01-29,Justin Drew,Bieber,Justin Bieber
Believe Acoustic,2013-01-29,Beauty and the Beat [Acoustic],2013-01-29,Justin Drew,Bieber,Justin Bieber
Believe Acoustic,2013-01-29,Boyfriend [Acoustic],2013-01-29,Justin Drew,Bieber,Justin Bieber
Believe Acoustic,2013-01-29,Fall [Live],2013-01-29,Justin Drew,Bieber,Justin Bieber
Believe Acoustic,2013-01-29,I Would [Album Version],2013-01-29,Justin Drew,Bieber,Justin Bieber
Believe Acoustic,2013-01-29,Nothing Like Us [Album Version],2013-01-29,Justin Drew,Bieber,Justin Bieber
Believe Acoustic,2013-01-29,She Don't Like the Lights [Acoustic],2013-01-29,Justin Drew,Bieber,Justin Bieber
Believe Acoustic,2013-01-29,Take You [Acoustic],2013-01-29,Justin Drew,Bieber,Justin Bieber
Believe Acoustic,2013-01-29,Yellow Raincoat [Album Version],2013-01-29,Justin Drew,Bieber,Justin Bieber
Back to Basics,2006-08-15,Ain't No Other Man,2006-08-15,Christina Maria,Aguilera,Christina Aguilera
Back to Basics,2006-08-15,Back in the Day,2006-08-15,Christina Maria,Aguilera,Christina Aguilera
Back to Basics,2006-08-15,Back to Basics,2006-08-15,Christina Maria,Aguilera,Christina Aguilera
Back to Basics,2006-08-15,Candyman,2006-08-15,Christina Maria,Aguilera,Christina Aguilera
Back to Basics,2006-08-15,Enter the Circus,2006-08-15,Christina Maria,Aguilera,Christina Aguilera
Back to Basics,2006-08-15,F.U.S.S.,2006-08-15,Christina Maria,Aguilera,Christina Aguilera
Back to Basics,2006-08-15,Here to Stay,2006-08-15,Christina Maria,Aguilera,Christina Aguilera
Back to Basics,2006-08-15,Hurt,2006-08-15,Christina Maria,Aguilera,Christina Aguilera
Back to Basics,2006-08-15,I Got Trouble,2006-08-15,Christina Maria,Aguilera,Christina Aguilera
Back to Basics,2006-08-15,Intro (Back to Basics),2006-08-15,Christina Maria,Aguilera,Christina Aguilera
Back to Basics,2006-08-15,Makes Me Wanna Pray,2006-08-15,Christina Maria,Aguilera,Christina Aguilera
Back to Basics,2006-08-15,Mercy on Me,2006-08-15,Christina Maria,Aguilera,Christina Aguilera
Back to Basics,2006-08-15,Nasty Naughty Boy,2006-08-15,Christina Maria,Aguilera,Christina Aguilera
Back to Basics,2006-08-15,Oh Mother,2006-08-15,Christina Maria,Aguilera,Christina Aguilera
Back to Basics,2006-08-15,On Our Way,2006-08-15,Christina Maria,Aguilera,Christina Aguilera
Back to Basics,2006-08-15,Save Me From Myself,2006-08-15,Christina Maria,Aguilera,Christina Aguilera
Back to Basics,2006-08-15,Slow Down Baby,2006-08-15,Christina Maria,Aguilera,Christina Aguilera
Back to Basics,2006-08-15,Still Dirrty,2006-08-15,Christina Maria,Aguilera,Christina Aguilera
Back to Basics,2006-08-15,Thank You (Dedication to Fans),2006-08-15,Christina Maria,Aguilera,Christina Aguilera
Back to Basics,2006-08-15,The Right Man,2006-08-15,Christina Maria,Aguilera,Christina Aguilera
Back to Basics,2006-08-15,Understand,2006-08-15,Christina Maria,Aguilera,Christina Aguilera
Back to Basics,2006-08-15,Welcome,2006-08-15,Christina Maria,Aguilera,Christina Aguilera
Back to Basics,2006-08-15,Without You,2006-08-15,Christina Maria,Aguilera,Christina Aguilera
ARTPOP,2013-11-11,Applause,2013-11-11,Stefani Joanne,Angelina Germanotta,Lady Gaga
ARTPOP,2013-11-11,ARTPOP,2013-11-11,Stefani Joanne,Angelina Germanotta,Lady Gaga
ARTPOP,2013-11-11,Aura,2013-11-11,Stefani Joanne,Angelina Germanotta,Lady Gaga
ARTPOP,2013-11-11,Do What U Want,2013-11-11,Stefani Joanne,Angelina Germanotta,Lady Gaga
ARTPOP,2013-11-11,Donatella,2013-11-11,Stefani Joanne,Angelina Germanotta,Lady Gaga
ARTPOP,2013-11-11,Dope,2013-11-11,Stefani Joanne,Angelina Germanotta,Lady Gaga
ARTPOP,2013-11-11,Fashion!,2013-11-11,Stefani Joanne,Angelina Germanotta,Lady Gaga
ARTPOP,2013-11-11,G.U.Y.,2013-11-11,Stefani Joanne,Angelina Germanotta,Lady Gaga
ARTPOP,2013-11-11,Gypsy,2013-11-11,Stefani Joanne,Angelina Germanotta,Lady Gaga
ARTPOP,2013-11-11,Jewels N' Drugs,2013-11-11,Stefani Joanne,Angelina Germanotta,Lady Gaga
ARTPOP,2013-11-11,MANiCURE,2013-11-11,Stefani Joanne,Angelina Germanotta,Lady Gaga
ARTPOP,2013-11-11,Mary Jane Holland,2013-11-11,Stefani Joanne,Angelina Germanotta,Lady Gaga
ARTPOP,2013-11-11,Sexxx Dreams,2013-11-11,Stefani Joanne,Angelina Germanotta,Lady Gaga
ARTPOP,2013-11-11,Swine,2013-11-11,Stefani Joanne,Angelina Germanotta,Lady Gaga
ARTPOP,2013-11-11,Venus,2013-11-11,Stefani Joanne,Angelina Germanotta,Lady Gaga
